number,state,merged,closedAt,updatedAt,closure_comment_author,closure_comment_createdAt,closure_comment_url,close_actor,close_event_createdAt,reconciliation_result,anomaly
1677,CLOSED,false,2026-09-16T23:38:09Z,2026-09-16T23:38:09Z,niluferbagevi-gif,2026-09-16T23:38:08Z,https://github.com/niluferbagevi-gif/Sidar/pull/1677#issuecomment-5706147062,niluferbagevi-gif,2026-09-16T23:38:09Z,CLOSED_VERIFIED,
1705,CLOSED,false,2026-09-16T23:38:13Z,2026-09-16T23:38:13Z,niluferbagevi-gif,2026-09-16T23:38:12Z,https://github.com/niluferbagevi-gif/Sidar/pull/1705#issuecomment-5706147744,niluferbagevi-gif,2026-09-16T23:38:13Z,CLOSED_VERIFIED,
1707,CLOSED,false,2026-09-16T23:38:16Z,2026-09-16T23:38:16Z,niluferbagevi-gif,2026-09-16T23:38:15Z,https://github.com/niluferbagevi-gif/Sidar/pull/1707#issuecomment-5706148277,niluferbagevi-gif,2026-09-16T23:38:16Z,CLOSED_VERIFIED,
1710,CLOSED,false,2026-09-16T23:38:19Z,2026-09-16T23:38:19Z,niluferbagevi-gif,2026-09-16T23:38:19Z,https://github.com/niluferbagevi-gif/Sidar/pull/1710#issuecomment-5706148999,niluferbagevi-gif,2026-09-16T23:38:19Z,CLOSED_VERIFIED,
1711,OPEN,false,,2026-08-23T02:33:16Z,,,,,,SKIPPED_OPEN,
1725,CLOSED,false,2026-09-16T23:38:22Z,2026-09-16T23:38:22Z,niluferbagevi-gif,2026-09-16T23:38:22Z,https://github.com/niluferbagevi-gif/Sidar/pull/1725#issuecomment-5706149569,niluferbagevi-gif,2026-09-16T23:38:22Z,CLOSED_VERIFIED,
1732,CLOSED,false,2026-09-16T23:38:26Z,2026-09-16T23:38:26Z,niluferbagevi-gif,2026-09-16T23:38:25Z,https://github.com/niluferbagevi-gif/Sidar/pull/1732#issuecomment-5706150231,niluferbagevi-gif,2026-09-16T23:38:26Z,CLOSED_VERIFIED,
1737,OPEN,false,,2026-08-23T02:33:16Z,,,,,,SKIPPED_OPEN,
1752,CLOSED,false,2026-09-16T23:38:29Z,2026-09-16T23:38:29Z,niluferbagevi-gif,2026-09-16T23:38:28Z,https://github.com/niluferbagevi-gif/Sidar/pull/1752#issuecomment-5706150704,niluferbagevi-gif,2026-09-16T23:38:29Z,CLOSED_VERIFIED,
1781,CLOSED,false,2026-09-16T23:38:32Z,2026-09-16T23:38:32Z,niluferbagevi-gif,2026-09-16T23:38:31Z,https://github.com/niluferbagevi-gif/Sidar/pull/1781#issuecomment-5706151306,niluferbagevi-gif,2026-09-16T23:38:32Z,CLOSED_VERIFIED,
1782,CLOSED,false,2026-09-16T23:38:35Z,2026-09-16T23:38:35Z,niluferbagevi-gif,2026-09-16T23:38:34Z,https://github.com/niluferbagevi-gif/Sidar/pull/1782#issuecomment-5706151848,niluferbagevi-gif,2026-09-16T23:38:35Z,CLOSED_VERIFIED,
1784,CLOSED,false,2026-09-16T23:38:37Z,2026-09-16T23:38:37Z,niluferbagevi-gif,2026-09-16T23:38:37Z,https://github.com/niluferbagevi-gif/Sidar/pull/1784#issuecomment-5706152414,niluferbagevi-gif,2026-09-16T23:38:37Z,CLOSED_VERIFIED,
1785,CLOSED,false,2026-09-16T23:38:46Z,2026-09-16T23:38:46Z,niluferbagevi-gif,2026-09-16T23:38:45Z,https://github.com/niluferbagevi-gif/Sidar/pull/1785#issuecomment-5706153974,niluferbagevi-gif,2026-09-16T23:38:46Z,CLOSED_VERIFIED,
1795,CLOSED,false,2026-09-16T23:38:50Z,2026-09-16T23:38:50Z,niluferbagevi-gif,2026-09-16T23:38:49Z,https://github.com/niluferbagevi-gif/Sidar/pull/1795#issuecomment-5706154734,niluferbagevi-gif,2026-09-16T23:38:50Z,CLOSED_VERIFIED,
1796,CLOSED,false,2026-09-16T23:38:52Z,2026-09-16T23:38:52Z,niluferbagevi-gif,2026-09-16T23:38:52Z,https://github.com/niluferbagevi-gif/Sidar/pull/1796#issuecomment-5706155326,niluferbagevi-gif,2026-09-16T23:38:53Z,CLOSED_VERIFIED,
1847,CLOSED,false,2026-09-16T23:38:55Z,2026-09-16T23:38:55Z,niluferbagevi-gif,2026-09-16T23:38:55Z,https://github.com/niluferbagevi-gif/Sidar/pull/1847#issuecomment-5706155908,niluferbagevi-gif,2026-09-16T23:38:55Z,CLOSED_VERIFIED,
1853,CLOSED,false,2026-09-16T23:38:59Z,2026-09-16T23:38:59Z,niluferbagevi-gif,2026-09-16T23:38:58Z,https://github.com/niluferbagevi-gif/Sidar/pull/1853#issuecomment-5706156458,niluferbagevi-gif,2026-09-16T23:38:59Z,CLOSED_VERIFIED,
1858,CLOSED,false,2026-09-16T23:39:02Z,2026-09-16T23:39:02Z,niluferbagevi-gif,2026-09-16T23:39:01Z,https://github.com/niluferbagevi-gif/Sidar/pull/1858#issuecomment-5706156897,niluferbagevi-gif,2026-09-16T23:39:02Z,CLOSED_VERIFIED,
1863,CLOSED,false,2026-09-16T23:39:08Z,2026-09-16T23:39:08Z,niluferbagevi-gif,2026-09-16T23:39:07Z,https://github.com/niluferbagevi-gif/Sidar/pull/1863#issuecomment-5706158131,niluferbagevi-gif,2026-09-16T23:39:08Z,CLOSED_VERIFIED,
1864,CLOSED,false,2026-09-16T23:39:11Z,2026-09-16T23:39:11Z,niluferbagevi-gif,2026-09-16T23:39:10Z,https://github.com/niluferbagevi-gif/Sidar/pull/1864#issuecomment-5706158534,niluferbagevi-gif,2026-09-16T23:39:11Z,CLOSED_VERIFIED,
1865,CLOSED,false,2026-09-16T23:39:13Z,2026-09-16T23:39:13Z,niluferbagevi-gif,2026-09-16T23:39:13Z,https://github.com/niluferbagevi-gif/Sidar/pull/1865#issuecomment-5706159031,niluferbagevi-gif,2026-09-16T23:39:13Z,CLOSED_VERIFIED,
1866,CLOSED,false,2026-09-16T23:39:21Z,2026-09-16T23:39:22Z,niluferbagevi-gif,2026-09-16T23:39:21Z,https://github.com/niluferbagevi-gif/Sidar/pull/1866#issuecomment-5706160572,niluferbagevi-gif,2026-09-16T23:39:22Z,CLOSED_VERIFIED,
1869,CLOSED,false,2026-09-16T23:39:24Z,2026-09-16T23:39:24Z,niluferbagevi-gif,2026-09-16T23:39:24Z,https://github.com/niluferbagevi-gif/Sidar/pull/1869#issuecomment-5706160978,niluferbagevi-gif,2026-09-16T23:39:25Z,CLOSED_VERIFIED,
1871,CLOSED,false,2026-09-16T23:39:27Z,2026-09-16T23:39:27Z,niluferbagevi-gif,2026-09-16T23:39:27Z,https://github.com/niluferbagevi-gif/Sidar/pull/1871#issuecomment-5706161435,niluferbagevi-gif,2026-09-16T23:39:27Z,CLOSED_VERIFIED,
1873,CLOSED,false,2026-09-16T23:39:30Z,2026-09-16T23:39:30Z,niluferbagevi-gif,2026-09-16T23:39:30Z,https://github.com/niluferbagevi-gif/Sidar/pull/1873#issuecomment-5706161817,niluferbagevi-gif,2026-09-16T23:39:31Z,CLOSED_VERIFIED,
1887,CLOSED,false,2026-09-16T23:39:33Z,2026-09-16T23:39:33Z,niluferbagevi-gif,2026-09-16T23:39:33Z,https://github.com/niluferbagevi-gif/Sidar/pull/1887#issuecomment-5706162166,niluferbagevi-gif,2026-09-16T23:39:33Z,CLOSED_VERIFIED,
1913,CLOSED,false,2026-09-16T23:39:36Z,2026-09-16T23:39:36Z,niluferbagevi-gif,2026-09-16T23:39:35Z,https://github.com/niluferbagevi-gif/Sidar/pull/1913#issuecomment-5706162476,niluferbagevi-gif,2026-09-16T23:39:36Z,CLOSED_VERIFIED,
1914,CLOSED,false,2026-09-16T23:39:39Z,2026-09-16T23:39:39Z,niluferbagevi-gif,2026-09-16T23:39:38Z,https://github.com/niluferbagevi-gif/Sidar/pull/1914#issuecomment-5706162940,niluferbagevi-gif,2026-09-16T23:39:39Z,CLOSED_VERIFIED,
1919,CLOSED,false,2026-09-16T23:39:42Z,2026-09-16T23:39:42Z,niluferbagevi-gif,2026-09-16T23:39:41Z,https://github.com/niluferbagevi-gif/Sidar/pull/1919#issuecomment-5706163383,niluferbagevi-gif,2026-09-16T23:39:42Z,CLOSED_VERIFIED,
1922,CLOSED,false,2026-09-16T23:39:53Z,2026-09-16T23:39:53Z,niluferbagevi-gif,2026-09-16T23:39:52Z,https://github.com/niluferbagevi-gif/Sidar/pull/1922#issuecomment-5706165452,niluferbagevi-gif,2026-09-16T23:39:53Z,CLOSED_VERIFIED,
1924,CLOSED,false,2026-09-16T23:39:56Z,2026-09-16T23:39:56Z,niluferbagevi-gif,2026-09-16T23:39:55Z,https://github.com/niluferbagevi-gif/Sidar/pull/1924#issuecomment-5706165982,niluferbagevi-gif,2026-09-16T23:39:56Z,CLOSED_VERIFIED,
1925,CLOSED,false,2026-09-16T23:39:59Z,2026-09-16T23:39:59Z,niluferbagevi-gif,2026-09-16T23:39:58Z,https://github.com/niluferbagevi-gif/Sidar/pull/1925#issuecomment-5706166701,niluferbagevi-gif,2026-09-16T23:39:59Z,CLOSED_VERIFIED,
1926,CLOSED,false,2026-09-16T23:40:02Z,2026-09-16T23:40:02Z,niluferbagevi-gif,2026-09-16T23:40:01Z,https://github.com/niluferbagevi-gif/Sidar/pull/1926#issuecomment-5706167296,niluferbagevi-gif,2026-09-16T23:40:02Z,CLOSED_VERIFIED,
1927,CLOSED,false,2026-09-16T23:40:04Z,2026-09-16T23:40:04Z,niluferbagevi-gif,2026-09-16T23:40:04Z,https://github.com/niluferbagevi-gif/Sidar/pull/1927#issuecomment-5706167929,niluferbagevi-gif,2026-09-16T23:40:05Z,CLOSED_VERIFIED,
1929,OPEN,false,,2026-08-23T02:33:16Z,,,,,,SKIPPED_OPEN,
1935,CLOSED,false,2026-09-16T23:40:07Z,2026-09-16T23:40:07Z,niluferbagevi-gif,2026-09-16T23:40:06Z,https://github.com/niluferbagevi-gif/Sidar/pull/1935#issuecomment-5706168483,niluferbagevi-gif,2026-09-16T23:40:07Z,CLOSED_VERIFIED,
1940,OPEN,false,,2026-08-23T02:33:16Z,,,,,,SKIPPED_OPEN,
1941,OPEN,false,,2026-08-23T02:33:17Z,,,,,,SKIPPED_OPEN,
1943,CLOSED,false,2026-09-16T23:40:12Z,2026-09-16T23:40:12Z,niluferbagevi-gif,2026-09-16T23:40:12Z,https://github.com/niluferbagevi-gif/Sidar/pull/1943#issuecomment-5706169456,niluferbagevi-gif,2026-09-16T23:40:12Z,CLOSED_VERIFIED,
1944,CLOSED,false,2026-09-16T23:40:15Z,2026-09-16T23:40:15Z,niluferbagevi-gif,2026-09-16T23:40:14Z,https://github.com/niluferbagevi-gif/Sidar/pull/1944#issuecomment-5706170053,niluferbagevi-gif,2026-09-16T23:40:15Z,CLOSED_VERIFIED,
1945,CLOSED,false,2026-09-16T23:40:22Z,2026-09-16T23:40:22Z,niluferbagevi-gif,2026-09-16T23:40:21Z,https://github.com/niluferbagevi-gif/Sidar/pull/1945#issuecomment-5706171526,niluferbagevi-gif,2026-09-16T23:40:22Z,CLOSED_VERIFIED,
1946,CLOSED,false,2026-09-16T23:40:25Z,2026-09-16T23:40:25Z,niluferbagevi-gif,2026-09-16T23:40:24Z,https://github.com/niluferbagevi-gif/Sidar/pull/1946#issuecomment-5706172117,niluferbagevi-gif,2026-09-16T23:40:25Z,CLOSED_VERIFIED,
1947,CLOSED,false,2026-09-16T23:40:28Z,2026-09-16T23:40:28Z,niluferbagevi-gif,2026-09-16T23:40:27Z,https://github.com/niluferbagevi-gif/Sidar/pull/1947#issuecomment-5706172717,niluferbagevi-gif,2026-09-16T23:40:28Z,CLOSED_VERIFIED,
1949,CLOSED,false,2026-09-16T23:40:31Z,2026-09-16T23:40:31Z,niluferbagevi-gif,2026-09-16T23:40:30Z,https://github.com/niluferbagevi-gif/Sidar/pull/1949#issuecomment-5706173346,niluferbagevi-gif,2026-09-16T23:40:31Z,CLOSED_VERIFIED,
1952,CLOSED,false,2026-09-16T23:40:34Z,2026-09-16T23:40:34Z,niluferbagevi-gif,2026-09-16T23:40:33Z,https://github.com/niluferbagevi-gif/Sidar/pull/1952#issuecomment-5706173956,niluferbagevi-gif,2026-09-16T23:40:34Z,CLOSED_VERIFIED,
1955,CLOSED,false,2026-09-16T23:40:37Z,2026-09-16T23:40:37Z,niluferbagevi-gif,2026-09-16T23:40:36Z,https://github.com/niluferbagevi-gif/Sidar/pull/1955#issuecomment-5706174452,niluferbagevi-gif,2026-09-16T23:40:37Z,CLOSED_VERIFIED,
1959,CLOSED,false,2026-09-16T23:40:40Z,2026-09-16T23:40:40Z,niluferbagevi-gif,2026-09-16T23:40:39Z,https://github.com/niluferbagevi-gif/Sidar/pull/1959#issuecomment-5706174997,niluferbagevi-gif,2026-09-16T23:40:40Z,CLOSED_VERIFIED,
1961,CLOSED,false,2026-09-16T23:40:42Z,2026-09-16T23:40:42Z,niluferbagevi-gif,2026-09-16T23:40:42Z,https://github.com/niluferbagevi-gif/Sidar/pull/1961#issuecomment-5706175434,niluferbagevi-gif,2026-09-16T23:40:42Z,CLOSED_VERIFIED,
1962,CLOSED,false,2026-09-16T23:40:45Z,2026-09-16T23:40:45Z,niluferbagevi-gif,2026-09-16T23:40:45Z,https://github.com/niluferbagevi-gif/Sidar/pull/1962#issuecomment-5706175921,niluferbagevi-gif,2026-09-16T23:40:45Z,CLOSED_VERIFIED,
1963,CLOSED,false,2026-09-16T23:40:48Z,2026-09-16T23:40:48Z,niluferbagevi-gif,2026-09-16T23:40:47Z,https://github.com/niluferbagevi-gif/Sidar/pull/1963#issuecomment-5706176341,niluferbagevi-gif,2026-09-16T23:40:48Z,CLOSED_VERIFIED,
1964,CLOSED,false,2026-09-16T23:40:51Z,2026-09-16T23:40:51Z,niluferbagevi-gif,2026-09-16T23:40:50Z,https://github.com/niluferbagevi-gif/Sidar/pull/1964#issuecomment-5706176780,niluferbagevi-gif,2026-09-16T23:40:51Z,CLOSED_VERIFIED,
1972,CLOSED,false,2026-09-16T23:38:27Z,2026-09-16T23:38:27Z,niluferbagevi-gif,2026-09-16T23:38:11Z,https://github.com/niluferbagevi-gif/Sidar/pull/1972#issuecomment-5706147581,niluferbagevi-gif,2026-09-16T23:38:27Z,CLOSED_VERIFIED,
1973,CLOSED,false,2026-09-16T23:38:28Z,2026-09-16T23:38:28Z,niluferbagevi-gif,2026-09-16T23:38:13Z,https://github.com/niluferbagevi-gif/Sidar/pull/1973#issuecomment-5706147871,niluferbagevi-gif,2026-09-16T23:38:29Z,CLOSED_VERIFIED,
1975,CLOSED,false,2026-09-16T23:38:30Z,2026-09-16T23:38:30Z,niluferbagevi-gif,2026-09-16T23:38:15Z,https://github.com/niluferbagevi-gif/Sidar/pull/1975#issuecomment-5706148188,niluferbagevi-gif,2026-09-16T23:38:30Z,CLOSED_VERIFIED,
1976,CLOSED,false,2026-09-16T23:38:31Z,2026-09-16T23:38:31Z,niluferbagevi-gif,2026-09-16T23:38:17Z,https://github.com/niluferbagevi-gif/Sidar/pull/1976#issuecomment-5706148571,niluferbagevi-gif,2026-09-16T23:38:31Z,CLOSED_VERIFIED,
1977,CLOSED,false,2026-09-16T23:38:32Z,2026-09-16T23:38:32Z,niluferbagevi-gif,2026-09-16T23:38:19Z,https://github.com/niluferbagevi-gif/Sidar/pull/1977#issuecomment-5706149081,niluferbagevi-gif,2026-09-16T23:38:32Z,CLOSED_VERIFIED,
1979,CLOSED,false,2026-09-16T23:38:33Z,2026-09-16T23:38:33Z,niluferbagevi-gif,2026-09-16T23:38:21Z,https://github.com/niluferbagevi-gif/Sidar/pull/1979#issuecomment-5706149434,niluferbagevi-gif,2026-09-16T23:38:33Z,CLOSED_VERIFIED,
1986,CLOSED,false,2026-09-16T23:39:01Z,2026-09-16T23:39:01Z,niluferbagevi-gif,2026-09-16T23:38:45Z,https://github.com/niluferbagevi-gif/Sidar/pull/1986#issuecomment-5706153939,niluferbagevi-gif,2026-09-16T23:39:01Z,CLOSED_VERIFIED,
1987,CLOSED,false,2026-09-16T23:39:02Z,2026-09-16T23:39:02Z,niluferbagevi-gif,2026-09-16T23:38:47Z,https://github.com/niluferbagevi-gif/Sidar/pull/1987#issuecomment-5706154277,niluferbagevi-gif,2026-09-16T23:39:02Z,CLOSED_VERIFIED,
1988,CLOSED,false,2026-09-16T23:39:03Z,2026-09-16T23:39:03Z,niluferbagevi-gif,2026-09-16T23:38:49Z,https://github.com/niluferbagevi-gif/Sidar/pull/1988#issuecomment-5706154845,niluferbagevi-gif,2026-09-16T23:39:03Z,CLOSED_VERIFIED,
1991,CLOSED,false,2026-09-16T23:39:04Z,2026-09-16T23:39:04Z,niluferbagevi-gif,2026-09-16T23:38:51Z,https://github.com/niluferbagevi-gif/Sidar/pull/1991#issuecomment-5706155249,niluferbagevi-gif,2026-09-16T23:39:04Z,CLOSED_VERIFIED,
1993,CLOSED,false,2026-09-16T23:39:05Z,2026-09-16T23:39:05Z,niluferbagevi-gif,2026-09-16T23:38:54Z,https://github.com/niluferbagevi-gif/Sidar/pull/1993#issuecomment-5706155717,niluferbagevi-gif,2026-09-16T23:39:05Z,CLOSED_VERIFIED,
1997,CLOSED,false,2026-09-16T23:39:06Z,2026-09-16T23:39:07Z,niluferbagevi-gif,2026-09-16T23:38:56Z,https://github.com/niluferbagevi-gif/Sidar/pull/1997#issuecomment-5706156068,niluferbagevi-gif,2026-09-16T23:39:07Z,CLOSED_VERIFIED,
1998,CLOSED,false,2026-09-16T23:39:29Z,2026-09-16T23:39:29Z,niluferbagevi-gif,2026-09-16T23:39:12Z,https://github.com/niluferbagevi-gif/Sidar/pull/1998#issuecomment-5706159023,niluferbagevi-gif,2026-09-16T23:39:29Z,CLOSED_VERIFIED,
2000,CLOSED,false,2026-09-16T23:39:30Z,2026-09-16T23:39:30Z,niluferbagevi-gif,2026-09-16T23:39:15Z,https://github.com/niluferbagevi-gif/Sidar/pull/2000#issuecomment-5706159496,niluferbagevi-gif,2026-09-16T23:39:30Z,CLOSED_VERIFIED,
2002,CLOSED,false,2026-09-16T23:39:32Z,2026-09-16T23:39:32Z,niluferbagevi-gif,2026-09-16T23:39:17Z,https://github.com/niluferbagevi-gif/Sidar/pull/2002#issuecomment-5706159818,niluferbagevi-gif,2026-09-16T23:39:32Z,CLOSED_VERIFIED,
2009,CLOSED,false,2026-09-16T23:39:33Z,2026-09-16T23:39:33Z,niluferbagevi-gif,2026-09-16T23:39:19Z,https://github.com/niluferbagevi-gif/Sidar/pull/2009#issuecomment-5706160172,niluferbagevi-gif,2026-09-16T23:39:33Z,CLOSED_VERIFIED,
2017,CLOSED,false,2026-09-16T23:39:34Z,2026-09-16T23:39:34Z,niluferbagevi-gif,2026-09-16T23:39:21Z,https://github.com/niluferbagevi-gif/Sidar/pull/2017#issuecomment-5706160621,niluferbagevi-gif,2026-09-16T23:39:34Z,CLOSED_VERIFIED,
2020,CLOSED,false,2026-09-16T23:39:35Z,2026-09-16T23:39:35Z,niluferbagevi-gif,2026-09-16T23:39:23Z,https://github.com/niluferbagevi-gif/Sidar/pull/2020#issuecomment-5706160895,niluferbagevi-gif,2026-09-16T23:39:35Z,CLOSED_VERIFIED,
2022,CLOSED,false,2026-09-16T23:39:36Z,2026-09-16T23:39:36Z,niluferbagevi-gif,2026-09-16T23:39:25Z,https://github.com/niluferbagevi-gif/Sidar/pull/2022#issuecomment-5706161227,niluferbagevi-gif,2026-09-16T23:39:36Z,CLOSED_VERIFIED,
2029,CLOSED,false,2026-09-16T23:39:59Z,2026-09-16T23:39:59Z,niluferbagevi-gif,2026-09-16T23:39:43Z,https://github.com/niluferbagevi-gif/Sidar/pull/2029#issuecomment-5706163764,niluferbagevi-gif,2026-09-16T23:39:59Z,CLOSED_VERIFIED,
2033,CLOSED,false,2026-09-16T23:40:00Z,2026-09-16T23:40:00Z,niluferbagevi-gif,2026-09-16T23:39:46Z,https://github.com/niluferbagevi-gif/Sidar/pull/2033#issuecomment-5706164246,niluferbagevi-gif,2026-09-16T23:40:01Z,CLOSED_VERIFIED,
2047,CLOSED,false,2026-09-16T23:40:03Z,2026-09-16T23:40:03Z,niluferbagevi-gif,2026-09-16T23:39:50Z,https://github.com/niluferbagevi-gif/Sidar/pull/2047#issuecomment-5706165062,niluferbagevi-gif,2026-09-16T23:40:03Z,CLOSED_VERIFIED,
2050,CLOSED,false,2026-09-16T23:40:04Z,2026-09-16T23:40:04Z,niluferbagevi-gif,2026-09-16T23:39:52Z,https://github.com/niluferbagevi-gif/Sidar/pull/2050#issuecomment-5706165457,niluferbagevi-gif,2026-09-16T23:40:04Z,CLOSED_VERIFIED,
2051,CLOSED,false,2026-09-16T23:40:05Z,2026-09-16T23:40:05Z,niluferbagevi-gif,2026-09-16T23:39:54Z,https://github.com/niluferbagevi-gif/Sidar/pull/2051#issuecomment-5706165744,niluferbagevi-gif,2026-09-16T23:40:05Z,CLOSED_VERIFIED,
2052,CLOSED,false,2026-09-16T23:40:07Z,2026-09-16T23:40:07Z,niluferbagevi-gif,2026-09-16T23:39:55Z,https://github.com/niluferbagevi-gif/Sidar/pull/2052#issuecomment-5706166028,niluferbagevi-gif,2026-09-16T23:40:07Z,CLOSED_VERIFIED,
2053,CLOSED,false,2026-09-16T23:40:32Z,2026-09-16T23:40:32Z,niluferbagevi-gif,2026-09-16T23:40:13Z,https://github.com/niluferbagevi-gif/Sidar/pull/2053#issuecomment-5706169875,niluferbagevi-gif,2026-09-16T23:40:32Z,CLOSED_VERIFIED,
2055,CLOSED,false,2026-09-16T23:40:33Z,2026-09-16T23:40:33Z,niluferbagevi-gif,2026-09-16T23:40:16Z,https://github.com/niluferbagevi-gif/Sidar/pull/2055#issuecomment-5706170388,niluferbagevi-gif,2026-09-16T23:40:33Z,CLOSED_VERIFIED,
2065,OPEN,false,,2026-08-23T02:33:15Z,,,,,,SKIPPED_OPEN,
2067,CLOSED,false,2026-09-16T23:40:35Z,2026-09-16T23:40:35Z,niluferbagevi-gif,2026-09-16T23:40:21Z,https://github.com/niluferbagevi-gif/Sidar/pull/2067#issuecomment-5706171416,niluferbagevi-gif,2026-09-16T23:40:36Z,CLOSED_VERIFIED,
2068,CLOSED,false,2026-09-16T23:40:37Z,2026-09-16T23:40:37Z,niluferbagevi-gif,2026-09-16T23:40:23Z,https://github.com/niluferbagevi-gif/Sidar/pull/2068#issuecomment-5706171818,niluferbagevi-gif,2026-09-16T23:40:37Z,CLOSED_VERIFIED,
2071,CLOSED,false,2026-09-16T23:40:39Z,2026-09-16T23:40:39Z,niluferbagevi-gif,2026-09-16T23:40:27Z,https://github.com/niluferbagevi-gif/Sidar/pull/2071#issuecomment-5706172811,niluferbagevi-gif,2026-09-16T23:40:39Z,CLOSED_VERIFIED,
2073,CLOSED,false,2026-09-16T23:41:02Z,2026-09-16T23:41:02Z,niluferbagevi-gif,2026-09-16T23:40:46Z,https://github.com/niluferbagevi-gif/Sidar/pull/2073#issuecomment-5706176141,niluferbagevi-gif,2026-09-16T23:41:02Z,CLOSED_VERIFIED,
2075,CLOSED,false,2026-09-16T23:41:03Z,2026-09-16T23:41:03Z,niluferbagevi-gif,2026-09-16T23:40:48Z,https://github.com/niluferbagevi-gif/Sidar/pull/2075#issuecomment-5706176392,niluferbagevi-gif,2026-09-16T23:41:03Z,CLOSED_VERIFIED,
2081,CLOSED,false,2026-09-16T23:41:07Z,2026-09-16T23:41:07Z,niluferbagevi-gif,2026-09-16T23:40:54Z,https://github.com/niluferbagevi-gif/Sidar/pull/2081#issuecomment-5706177532,niluferbagevi-gif,2026-09-16T23:41:07Z,CLOSED_VERIFIED,
2083,OPEN,false,,2026-08-23T02:33:15Z,,,,,,SKIPPED_OPEN,
2084,CLOSED,false,2026-09-16T23:41:08Z,2026-09-16T23:41:08Z,niluferbagevi-gif,2026-09-16T23:40:57Z,https://github.com/niluferbagevi-gif/Sidar/pull/2084#issuecomment-5706177851,niluferbagevi-gif,2026-09-16T23:41:08Z,CLOSED_VERIFIED,
2085,OPEN,false,,2026-08-23T02:33:15Z,,,,,,SKIPPED_OPEN,
2088,OPEN,false,,2026-08-23T02:33:15Z,,,,,,SKIPPED_OPEN,
2094,CLOSED,false,2026-09-16T23:41:09Z,2026-09-16T23:41:09Z,niluferbagevi-gif,2026-09-16T23:40:58Z,https://github.com/niluferbagevi-gif/Sidar/pull/2094#issuecomment-5706178114,niluferbagevi-gif,2026-09-16T23:41:09Z,CLOSED_VERIFIED,
2096,CLOSED,false,2026-09-16T23:39:38Z,2026-09-16T23:39:38Z,niluferbagevi-gif,2026-09-16T23:38:09Z,https://github.com/niluferbagevi-gif/Sidar/pull/2096#issuecomment-5706147328,niluferbagevi-gif,2026-09-16T23:39:39Z,CLOSED_VERIFIED,
2097,CLOSED,false,2026-09-16T23:39:40Z,2026-09-16T23:39:40Z,niluferbagevi-gif,2026-09-16T23:38:12Z,https://github.com/niluferbagevi-gif/Sidar/pull/2097#issuecomment-5706147747,niluferbagevi-gif,2026-09-16T23:39:40Z,CLOSED_VERIFIED,
2103,CLOSED,false,2026-09-16T23:39:41Z,2026-09-16T23:39:41Z,niluferbagevi-gif,2026-09-16T23:38:14Z,https://github.com/niluferbagevi-gif/Sidar/pull/2103#issuecomment-5706148084,niluferbagevi-gif,2026-09-16T23:39:41Z,CLOSED_VERIFIED,
2107,CLOSED,false,2026-09-16T23:39:42Z,2026-09-16T23:39:42Z,niluferbagevi-gif,2026-09-16T23:38:16Z,https://github.com/niluferbagevi-gif/Sidar/pull/2107#issuecomment-5706148435,niluferbagevi-gif,2026-09-16T23:39:42Z,CLOSED_VERIFIED,
2115,CLOSED,false,2026-09-16T23:39:45Z,2026-09-16T23:39:45Z,niluferbagevi-gif,2026-09-16T23:38:22Z,https://github.com/niluferbagevi-gif/Sidar/pull/2115#issuecomment-5706149614,niluferbagevi-gif,2026-09-16T23:39:45Z,CLOSED_VERIFIED,
2116,CLOSED,false,2026-09-16T23:39:46Z,2026-09-16T23:39:46Z,niluferbagevi-gif,2026-09-16T23:38:24Z,https://github.com/niluferbagevi-gif/Sidar/pull/2116#issuecomment-5706149942,niluferbagevi-gif,2026-09-16T23:39:47Z,CLOSED_VERIFIED,
2121,CLOSED,false,2026-09-16T23:39:48Z,2026-09-16T23:39:48Z,niluferbagevi-gif,2026-09-16T23:38:26Z,https://github.com/niluferbagevi-gif/Sidar/pull/2121#issuecomment-5706150325,niluferbagevi-gif,2026-09-16T23:39:48Z,CLOSED_VERIFIED,
2127,CLOSED,false,2026-09-16T23:39:49Z,2026-09-16T23:39:49Z,niluferbagevi-gif,2026-09-16T23:38:28Z,https://github.com/niluferbagevi-gif/Sidar/pull/2127#issuecomment-5706150653,niluferbagevi-gif,2026-09-16T23:39:49Z,CLOSED_VERIFIED,
2130,OPEN,false,,2026-08-23T02:33:15Z,,,,,,SKIPPED_OPEN,
2146,CLOSED,false,2026-09-16T23:39:50Z,2026-09-16T23:39:50Z,niluferbagevi-gif,2026-09-16T23:38:30Z,https://github.com/niluferbagevi-gif/Sidar/pull/2146#issuecomment-5706150963,niluferbagevi-gif,2026-09-16T23:39:50Z,CLOSED_VERIFIED,
2152,CLOSED,false,2026-09-16T23:39:51Z,2026-09-16T23:39:51Z,niluferbagevi-gif,2026-09-16T23:38:32Z,https://github.com/niluferbagevi-gif/Sidar/pull/2152#issuecomment-5706151360,niluferbagevi-gif,2026-09-16T23:39:51Z,CLOSED_VERIFIED,
2158,CLOSED,false,2026-09-16T23:39:52Z,2026-09-16T23:39:52Z,niluferbagevi-gif,2026-09-16T23:38:33Z,https://github.com/niluferbagevi-gif/Sidar/pull/2158#issuecomment-5706151681,niluferbagevi-gif,2026-09-16T23:39:52Z,CLOSED_VERIFIED,
2167,CLOSED,false,2026-09-16T23:39:54Z,2026-09-16T23:39:54Z,niluferbagevi-gif,2026-09-16T23:38:35Z,https://github.com/niluferbagevi-gif/Sidar/pull/2167#issuecomment-5706152037,niluferbagevi-gif,2026-09-16T23:39:54Z,CLOSED_VERIFIED,
2168,CLOSED,false,2026-09-16T23:39:55Z,2026-09-16T23:39:55Z,niluferbagevi-gif,2026-09-16T23:38:37Z,https://github.com/niluferbagevi-gif/Sidar/pull/2168#issuecomment-5706152454,niluferbagevi-gif,2026-09-16T23:39:55Z,CLOSED_VERIFIED,
2169,CLOSED,false,2026-09-16T23:39:56Z,2026-09-16T23:39:56Z,niluferbagevi-gif,2026-09-16T23:38:39Z,https://github.com/niluferbagevi-gif/Sidar/pull/2169#issuecomment-5706152776,niluferbagevi-gif,2026-09-16T23:39:56Z,CLOSED_VERIFIED,
2170,CLOSED,false,2026-09-16T23:39:57Z,2026-09-16T23:39:57Z,niluferbagevi-gif,2026-09-16T23:38:40Z,https://github.com/niluferbagevi-gif/Sidar/pull/2170#issuecomment-5706153068,niluferbagevi-gif,2026-09-16T23:39:57Z,CLOSED_VERIFIED,
2175,OPEN,false,,2026-08-23T02:33:14Z,,,,,,SKIPPED_OPEN,
2176,CLOSED,false,2026-09-16T23:39:58Z,2026-09-16T23:39:58Z,niluferbagevi-gif,2026-09-16T23:38:42Z,https://github.com/niluferbagevi-gif/Sidar/pull/2176#issuecomment-5706153470,niluferbagevi-gif,2026-09-16T23:39:58Z,CLOSED_VERIFIED,
2180,OPEN,false,,2026-08-23T02:33:15Z,,,,,,SKIPPED_OPEN,
2184,CLOSED,false,2026-09-16T23:40:00Z,2026-09-16T23:40:00Z,niluferbagevi-gif,2026-09-16T23:38:44Z,https://github.com/niluferbagevi-gif/Sidar/pull/2184#issuecomment-5706153857,niluferbagevi-gif,2026-09-16T23:40:00Z,CLOSED_VERIFIED,
2188,CLOSED,false,2026-09-16T23:40:01Z,2026-09-16T23:40:01Z,niluferbagevi-gif,2026-09-16T23:38:46Z,https://github.com/niluferbagevi-gif/Sidar/pull/2188#issuecomment-5706154171,niluferbagevi-gif,2026-09-16T23:40:01Z,CLOSED_VERIFIED,
2191,CLOSED,false,2026-09-16T23:40:02Z,2026-09-16T23:40:02Z,niluferbagevi-gif,2026-09-16T23:38:48Z,https://github.com/niluferbagevi-gif/Sidar/pull/2191#issuecomment-5706154602,niluferbagevi-gif,2026-09-16T23:40:02Z,CLOSED_VERIFIED,
2192,CLOSED,false,2026-09-16T23:40:03Z,2026-09-16T23:40:03Z,niluferbagevi-gif,2026-09-16T23:38:50Z,https://github.com/niluferbagevi-gif/Sidar/pull/2192#issuecomment-5706155049,niluferbagevi-gif,2026-09-16T23:40:04Z,CLOSED_VERIFIED,
2193,CLOSED,false,2026-09-16T23:40:05Z,2026-09-16T23:40:05Z,niluferbagevi-gif,2026-09-16T23:38:52Z,https://github.com/niluferbagevi-gif/Sidar/pull/2193#issuecomment-5706155436,niluferbagevi-gif,2026-09-16T23:40:05Z,CLOSED_VERIFIED,
2194,CLOSED,false,2026-09-16T23:40:06Z,2026-09-16T23:40:06Z,niluferbagevi-gif,2026-09-16T23:38:54Z,https://github.com/niluferbagevi-gif/Sidar/pull/2194#issuecomment-5706155831,niluferbagevi-gif,2026-09-16T23:40:06Z,CLOSED_VERIFIED,
2195,CLOSED,false,2026-09-16T23:40:07Z,2026-09-16T23:40:07Z,niluferbagevi-gif,2026-09-16T23:38:56Z,https://github.com/niluferbagevi-gif/Sidar/pull/2195#issuecomment-5706156188,niluferbagevi-gif,2026-09-16T23:40:07Z,CLOSED_VERIFIED,
2196,CLOSED,false,2026-09-16T23:40:08Z,2026-09-16T23:40:08Z,niluferbagevi-gif,2026-09-16T23:38:58Z,https://github.com/niluferbagevi-gif/Sidar/pull/2196#issuecomment-5706156541,niluferbagevi-gif,2026-09-16T23:40:09Z,CLOSED_VERIFIED,
2197,CLOSED,false,2026-09-16T23:40:10Z,2026-09-16T23:40:10Z,niluferbagevi-gif,2026-09-16T23:39:00Z,https://github.com/niluferbagevi-gif/Sidar/pull/2197#issuecomment-5706156855,niluferbagevi-gif,2026-09-16T23:40:10Z,CLOSED_VERIFIED,
2198,CLOSED,false,2026-09-16T23:40:11Z,2026-09-16T23:40:11Z,niluferbagevi-gif,2026-09-16T23:39:02Z,https://github.com/niluferbagevi-gif/Sidar/pull/2198#issuecomment-5706157121,niluferbagevi-gif,2026-09-16T23:40:11Z,CLOSED_VERIFIED,
2199,CLOSED,false,2026-09-16T23:40:12Z,2026-09-16T23:40:12Z,niluferbagevi-gif,2026-09-16T23:39:04Z,https://github.com/niluferbagevi-gif/Sidar/pull/2199#issuecomment-5706157538,niluferbagevi-gif,2026-09-16T23:40:12Z,CLOSED_VERIFIED,
2200,CLOSED,false,2026-09-16T23:40:13Z,2026-09-16T23:40:13Z,niluferbagevi-gif,2026-09-16T23:39:06Z,https://github.com/niluferbagevi-gif/Sidar/pull/2200#issuecomment-5706157923,niluferbagevi-gif,2026-09-16T23:40:13Z,CLOSED_VERIFIED,
2201,CLOSED,false,2026-09-16T23:40:14Z,2026-09-16T23:40:14Z,niluferbagevi-gif,2026-09-16T23:39:08Z,https://github.com/niluferbagevi-gif/Sidar/pull/2201#issuecomment-5706158240,niluferbagevi-gif,2026-09-16T23:40:14Z,CLOSED_VERIFIED,
2202,CLOSED,false,2026-09-16T23:40:16Z,2026-09-16T23:40:16Z,niluferbagevi-gif,2026-09-16T23:39:10Z,https://github.com/niluferbagevi-gif/Sidar/pull/2202#issuecomment-5706158571,niluferbagevi-gif,2026-09-16T23:40:16Z,CLOSED_VERIFIED,
2203,CLOSED,false,2026-09-16T23:40:17Z,2026-09-16T23:40:17Z,niluferbagevi-gif,2026-09-16T23:39:11Z,https://github.com/niluferbagevi-gif/Sidar/pull/2203#issuecomment-5706158838,niluferbagevi-gif,2026-09-16T23:40:17Z,CLOSED_VERIFIED,
2208,CLOSED,false,2026-09-16T23:40:18Z,2026-09-16T23:40:18Z,niluferbagevi-gif,2026-09-16T23:39:13Z,https://github.com/niluferbagevi-gif/Sidar/pull/2208#issuecomment-5706159141,niluferbagevi-gif,2026-09-16T23:40:18Z,CLOSED_VERIFIED,
2210,CLOSED,false,2026-09-16T23:40:19Z,2026-09-16T23:40:19Z,niluferbagevi-gif,2026-09-16T23:39:15Z,https://github.com/niluferbagevi-gif/Sidar/pull/2210#issuecomment-5706159450,niluferbagevi-gif,2026-09-16T23:40:19Z,CLOSED_VERIFIED,
2214,CLOSED,false,2026-09-16T23:40:20Z,2026-09-16T23:40:20Z,niluferbagevi-gif,2026-09-16T23:39:17Z,https://github.com/niluferbagevi-gif/Sidar/pull/2214#issuecomment-5706159793,niluferbagevi-gif,2026-09-16T23:40:20Z,CLOSED_VERIFIED,
2217,OPEN,false,,2026-08-23T02:33:14Z,,,,,,SKIPPED_OPEN,
2219,OPEN,false,,2026-08-23T02:33:14Z,,,,,,SKIPPED_OPEN,
2220,CLOSED,false,2026-09-16T23:40:21Z,2026-09-16T23:40:21Z,niluferbagevi-gif,2026-09-16T23:39:19Z,https://github.com/niluferbagevi-gif/Sidar/pull/2220#issuecomment-5706160186,niluferbagevi-gif,2026-09-16T23:40:21Z,CLOSED_VERIFIED,
2223,CLOSED,false,2026-09-16T23:40:22Z,2026-09-16T23:40:22Z,niluferbagevi-gif,2026-09-16T23:39:21Z,https://github.com/niluferbagevi-gif/Sidar/pull/2223#issuecomment-5706160597,niluferbagevi-gif,2026-09-16T23:40:22Z,CLOSED_VERIFIED,
2226,CLOSED,false,2026-09-16T23:40:25Z,2026-09-16T23:40:25Z,niluferbagevi-gif,2026-09-16T23:39:25Z,https://github.com/niluferbagevi-gif/Sidar/pull/2226#issuecomment-5706161170,niluferbagevi-gif,2026-09-16T23:40:25Z,CLOSED_VERIFIED,
2227,CLOSED,false,2026-09-16T23:40:26Z,2026-09-16T23:40:26Z,niluferbagevi-gif,2026-09-16T23:39:27Z,https://github.com/niluferbagevi-gif/Sidar/pull/2227#issuecomment-5706161479,niluferbagevi-gif,2026-09-16T23:40:26Z,CLOSED_VERIFIED,
2229,CLOSED,false,2026-09-16T23:40:28Z,2026-09-16T23:40:28Z,niluferbagevi-gif,2026-09-16T23:39:29Z,https://github.com/niluferbagevi-gif/Sidar/pull/2229#issuecomment-5706161777,niluferbagevi-gif,2026-09-16T23:40:28Z,CLOSED_VERIFIED,
2233,CLOSED,false,2026-09-16T23:40:30Z,2026-09-16T23:40:30Z,niluferbagevi-gif,2026-09-16T23:39:33Z,https://github.com/niluferbagevi-gif/Sidar/pull/2233#issuecomment-5706162249,niluferbagevi-gif,2026-09-16T23:40:30Z,CLOSED_VERIFIED,
2236,CLOSED,false,2026-09-16T23:38:59Z,2026-09-16T23:38:59Z,niluferbagevi-gif,2026-09-16T23:38:58Z,https://github.com/niluferbagevi-gif/Sidar/pull/2236#issuecomment-5706156560,niluferbagevi-gif,2026-09-16T23:38:59Z,CLOSED_VERIFIED,
2237,CLOSED,false,2026-09-16T23:39:02Z,2026-09-16T23:39:02Z,niluferbagevi-gif,2026-09-16T23:39:02Z,https://github.com/niluferbagevi-gif/Sidar/pull/2237#issuecomment-5706156998,niluferbagevi-gif,2026-09-16T23:39:02Z,CLOSED_VERIFIED,
2242,CLOSED,false,2026-09-16T23:39:05Z,2026-09-16T23:39:05Z,niluferbagevi-gif,2026-09-16T23:39:04Z,https://github.com/niluferbagevi-gif/Sidar/pull/2242#issuecomment-5706157406,niluferbagevi-gif,2026-09-16T23:39:05Z,CLOSED_VERIFIED,
2243,CLOSED,false,2026-09-16T23:39:07Z,2026-09-16T23:39:07Z,niluferbagevi-gif,2026-09-16T23:39:06Z,https://github.com/niluferbagevi-gif/Sidar/pull/2243#issuecomment-5706157983,niluferbagevi-gif,2026-09-16T23:39:07Z,CLOSED_VERIFIED,
2245,CLOSED,false,2026-09-16T23:39:09Z,2026-09-16T23:39:09Z,niluferbagevi-gif,2026-09-16T23:39:09Z,https://github.com/niluferbagevi-gif/Sidar/pull/2245#issuecomment-5706158330,niluferbagevi-gif,2026-09-16T23:39:09Z,CLOSED_VERIFIED,
2246,CLOSED,false,2026-09-16T23:39:12Z,2026-09-16T23:39:12Z,niluferbagevi-gif,2026-09-16T23:39:11Z,https://github.com/niluferbagevi-gif/Sidar/pull/2246#issuecomment-5706158751,niluferbagevi-gif,2026-09-16T23:39:12Z,CLOSED_VERIFIED,
2253,CLOSED,false,2026-09-16T23:39:14Z,2026-09-16T23:39:14Z,niluferbagevi-gif,2026-09-16T23:39:13Z,https://github.com/niluferbagevi-gif/Sidar/pull/2253#issuecomment-5706159198,niluferbagevi-gif,2026-09-16T23:39:14Z,CLOSED_VERIFIED,
2259,CLOSED,false,2026-09-16T23:39:17Z,2026-09-16T23:39:17Z,niluferbagevi-gif,2026-09-16T23:39:16Z,https://github.com/niluferbagevi-gif/Sidar/pull/2259#issuecomment-5706159665,niluferbagevi-gif,2026-09-16T23:39:17Z,CLOSED_VERIFIED,
2262,CLOSED,false,2026-09-16T23:39:20Z,2026-09-16T23:39:20Z,niluferbagevi-gif,2026-09-16T23:39:19Z,https://github.com/niluferbagevi-gif/Sidar/pull/2262#issuecomment-5706160071,niluferbagevi-gif,2026-09-16T23:39:20Z,CLOSED_VERIFIED,
2263,CLOSED,false,2026-09-16T23:39:22Z,2026-09-16T23:39:22Z,niluferbagevi-gif,2026-09-16T23:39:21Z,https://github.com/niluferbagevi-gif/Sidar/pull/2263#issuecomment-5706160585,niluferbagevi-gif,2026-09-16T23:39:22Z,CLOSED_VERIFIED,
2264,CLOSED,false,2026-09-16T23:39:24Z,2026-09-16T23:39:24Z,niluferbagevi-gif,2026-09-16T23:39:24Z,https://github.com/niluferbagevi-gif/Sidar/pull/2264#issuecomment-5706160941,niluferbagevi-gif,2026-09-16T23:39:24Z,CLOSED_VERIFIED,
2267,CLOSED,false,2026-09-16T23:39:27Z,2026-09-16T23:39:27Z,niluferbagevi-gif,2026-09-16T23:39:26Z,https://github.com/niluferbagevi-gif/Sidar/pull/2267#issuecomment-5706161386,niluferbagevi-gif,2026-09-16T23:39:27Z,CLOSED_VERIFIED,
2280,CLOSED,false,2026-09-16T23:39:37Z,2026-09-16T23:39:37Z,niluferbagevi-gif,2026-09-16T23:39:36Z,https://github.com/niluferbagevi-gif/Sidar/pull/2280#issuecomment-5706162686,niluferbagevi-gif,2026-09-16T23:39:37Z,CLOSED_VERIFIED,
2286,CLOSED,false,2026-09-16T23:39:39Z,2026-09-16T23:39:39Z,niluferbagevi-gif,2026-09-16T23:39:39Z,https://github.com/niluferbagevi-gif/Sidar/pull/2286#issuecomment-5706163004,niluferbagevi-gif,2026-09-16T23:39:40Z,CLOSED_VERIFIED,
2287,CLOSED,false,2026-09-16T23:39:42Z,2026-09-16T23:39:42Z,niluferbagevi-gif,2026-09-16T23:39:41Z,https://github.com/niluferbagevi-gif/Sidar/pull/2287#issuecomment-5706163375,niluferbagevi-gif,2026-09-16T23:39:42Z,CLOSED_VERIFIED,
2288,CLOSED,false,2026-09-16T23:39:45Z,2026-09-16T23:39:45Z,niluferbagevi-gif,2026-09-16T23:39:44Z,https://github.com/niluferbagevi-gif/Sidar/pull/2288#issuecomment-5706163929,niluferbagevi-gif,2026-09-16T23:39:45Z,CLOSED_VERIFIED,
2289,CLOSED,false,2026-09-16T23:39:47Z,2026-09-16T23:39:47Z,niluferbagevi-gif,2026-09-16T23:39:47Z,https://github.com/niluferbagevi-gif/Sidar/pull/2289#issuecomment-5706164446,niluferbagevi-gif,2026-09-16T23:39:47Z,CLOSED_VERIFIED,
2290,CLOSED,false,2026-09-16T23:39:50Z,2026-09-16T23:39:50Z,niluferbagevi-gif,2026-09-16T23:39:49Z,https://github.com/niluferbagevi-gif/Sidar/pull/2290#issuecomment-5706164981,niluferbagevi-gif,2026-09-16T23:39:50Z,CLOSED_VERIFIED,
2294,CLOSED,false,2026-09-16T23:39:53Z,2026-09-16T23:39:53Z,niluferbagevi-gif,2026-09-16T23:39:52Z,https://github.com/niluferbagevi-gif/Sidar/pull/2294#issuecomment-5706165446,niluferbagevi-gif,2026-09-16T23:39:53Z,CLOSED_VERIFIED,
2307,CLOSED,false,2026-09-16T23:39:55Z,2026-09-16T23:39:55Z,niluferbagevi-gif,2026-09-16T23:39:55Z,https://github.com/niluferbagevi-gif/Sidar/pull/2307#issuecomment-5706165898,niluferbagevi-gif,2026-09-16T23:39:55Z,CLOSED_VERIFIED,
2316,CLOSED,false,2026-09-16T23:39:58Z,2026-09-16T23:39:58Z,niluferbagevi-gif,2026-09-16T23:39:58Z,https://github.com/niluferbagevi-gif/Sidar/pull/2316#issuecomment-5706166548,niluferbagevi-gif,2026-09-16T23:39:58Z,CLOSED_VERIFIED,
2317,OPEN,false,,2026-08-23T02:33:14Z,,,,,,SKIPPED_OPEN,
2318,CLOSED,false,2026-09-16T23:40:01Z,2026-09-16T23:40:01Z,niluferbagevi-gif,2026-09-16T23:40:00Z,https://github.com/niluferbagevi-gif/Sidar/pull/2318#issuecomment-5706167121,niluferbagevi-gif,2026-09-16T23:40:01Z,CLOSED_VERIFIED,
2323,CLOSED,false,2026-09-16T23:40:04Z,2026-09-16T23:40:04Z,niluferbagevi-gif,2026-09-16T23:40:03Z,https://github.com/niluferbagevi-gif/Sidar/pull/2323#issuecomment-5706167851,niluferbagevi-gif,2026-09-16T23:40:04Z,CLOSED_VERIFIED,
2331,CLOSED,false,2026-09-16T23:40:11Z,2026-09-16T23:40:11Z,niluferbagevi-gif,2026-09-16T23:40:10Z,https://github.com/niluferbagevi-gif/Sidar/pull/2331#issuecomment-5706169163,niluferbagevi-gif,2026-09-16T23:40:11Z,CLOSED_VERIFIED,
2332,CLOSED,false,2026-09-16T23:40:14Z,2026-09-16T23:40:14Z,niluferbagevi-gif,2026-09-16T23:40:13Z,https://github.com/niluferbagevi-gif/Sidar/pull/2332#issuecomment-5706169869,niluferbagevi-gif,2026-09-16T23:40:14Z,CLOSED_VERIFIED,
2333,CLOSED,false,2026-09-16T23:40:17Z,2026-09-16T23:40:17Z,niluferbagevi-gif,2026-09-16T23:40:16Z,https://github.com/niluferbagevi-gif/Sidar/pull/2333#issuecomment-5706170402,niluferbagevi-gif,2026-09-16T23:40:17Z,CLOSED_VERIFIED,
2334,CLOSED,false,2026-09-16T23:40:19Z,2026-09-16T23:40:19Z,niluferbagevi-gif,2026-09-16T23:40:19Z,https://github.com/niluferbagevi-gif/Sidar/pull/2334#issuecomment-5706170905,niluferbagevi-gif,2026-09-16T23:40:20Z,CLOSED_VERIFIED,
2335,CLOSED,false,2026-09-16T23:40:22Z,2026-09-16T23:40:22Z,niluferbagevi-gif,2026-09-16T23:40:21Z,https://github.com/niluferbagevi-gif/Sidar/pull/2335#issuecomment-5706171441,niluferbagevi-gif,2026-09-16T23:40:22Z,CLOSED_VERIFIED,
2340,CLOSED,false,2026-09-16T23:40:24Z,2026-09-16T23:40:24Z,niluferbagevi-gif,2026-09-16T23:40:24Z,https://github.com/niluferbagevi-gif/Sidar/pull/2340#issuecomment-5706172036,niluferbagevi-gif,2026-09-16T23:40:25Z,CLOSED_VERIFIED,
2343,CLOSED,false,2026-09-16T23:40:28Z,2026-09-16T23:40:28Z,niluferbagevi-gif,2026-09-16T23:40:27Z,https://github.com/niluferbagevi-gif/Sidar/pull/2343#issuecomment-5706172668,niluferbagevi-gif,2026-09-16T23:40:28Z,CLOSED_VERIFIED,
2349,CLOSED,false,2026-09-16T23:40:38Z,2026-09-16T23:40:38Z,niluferbagevi-gif,2026-09-16T23:40:38Z,https://github.com/niluferbagevi-gif/Sidar/pull/2349#issuecomment-5706174711,niluferbagevi-gif,2026-09-16T23:40:38Z,CLOSED_VERIFIED,
2350,CLOSED,false,2026-09-16T23:40:41Z,2026-09-16T23:40:41Z,niluferbagevi-gif,2026-09-16T23:40:40Z,https://github.com/niluferbagevi-gif/Sidar/pull/2350#issuecomment-5706175208,niluferbagevi-gif,2026-09-16T23:40:41Z,CLOSED_VERIFIED,
2352,CLOSED,false,2026-09-16T23:40:49Z,2026-09-16T23:40:49Z,niluferbagevi-gif,2026-09-16T23:40:48Z,https://github.com/niluferbagevi-gif/Sidar/pull/2352#issuecomment-5706176436,niluferbagevi-gif,2026-09-16T23:40:49Z,CLOSED_VERIFIED,
2355,CLOSED,false,2026-09-16T23:40:51Z,2026-09-16T23:40:51Z,niluferbagevi-gif,2026-09-16T23:40:51Z,https://github.com/niluferbagevi-gif/Sidar/pull/2355#issuecomment-5706176906,niluferbagevi-gif,2026-09-16T23:40:51Z,CLOSED_VERIFIED,
2365,CLOSED,false,2026-09-16T23:40:54Z,2026-09-16T23:40:54Z,niluferbagevi-gif,2026-09-16T23:40:53Z,https://github.com/niluferbagevi-gif/Sidar/pull/2365#issuecomment-5706177323,niluferbagevi-gif,2026-09-16T23:40:54Z,CLOSED_VERIFIED,
2370,CLOSED,false,2026-09-16T23:40:57Z,2026-09-16T23:40:57Z,niluferbagevi-gif,2026-09-16T23:40:56Z,https://github.com/niluferbagevi-gif/Sidar/pull/2370#issuecomment-5706177806,niluferbagevi-gif,2026-09-16T23:40:57Z,CLOSED_VERIFIED,
2372,CLOSED,false,2026-09-16T23:41:00Z,2026-09-16T23:41:00Z,niluferbagevi-gif,2026-09-16T23:40:59Z,https://github.com/niluferbagevi-gif/Sidar/pull/2372#issuecomment-5706178172,niluferbagevi-gif,2026-09-16T23:41:00Z,CLOSED_VERIFIED,
2375,CLOSED,false,2026-09-16T23:41:02Z,2026-09-16T23:41:02Z,niluferbagevi-gif,2026-09-16T23:41:01Z,https://github.com/niluferbagevi-gif/Sidar/pull/2375#issuecomment-5706178490,niluferbagevi-gif,2026-09-16T23:41:02Z,CLOSED_VERIFIED,
2376,CLOSED,false,2026-09-16T23:41:04Z,2026-09-16T23:41:04Z,niluferbagevi-gif,2026-09-16T23:41:04Z,https://github.com/niluferbagevi-gif/Sidar/pull/2376#issuecomment-5706178858,niluferbagevi-gif,2026-09-16T23:41:04Z,CLOSED_VERIFIED,
2377,CLOSED,false,2026-09-16T23:41:07Z,2026-09-16T23:41:07Z,niluferbagevi-gif,2026-09-16T23:41:06Z,https://github.com/niluferbagevi-gif/Sidar/pull/2377#issuecomment-5706179273,niluferbagevi-gif,2026-09-16T23:41:07Z,CLOSED_VERIFIED,
2378,CLOSED,false,2026-09-16T23:41:10Z,2026-09-16T23:41:10Z,niluferbagevi-gif,2026-09-16T23:41:09Z,https://github.com/niluferbagevi-gif/Sidar/pull/2378#issuecomment-5706179687,niluferbagevi-gif,2026-09-16T23:41:10Z,CLOSED_VERIFIED,
2379,CLOSED,false,2026-09-16T23:41:12Z,2026-09-16T23:41:12Z,niluferbagevi-gif,2026-09-16T23:41:12Z,https://github.com/niluferbagevi-gif/Sidar/pull/2379#issuecomment-5706180027,niluferbagevi-gif,2026-09-16T23:41:13Z,CLOSED_VERIFIED,
2380,CLOSED,false,2026-09-16T23:41:15Z,2026-09-16T23:41:15Z,niluferbagevi-gif,2026-09-16T23:41:14Z,https://github.com/niluferbagevi-gif/Sidar/pull/2380#issuecomment-5706180300,niluferbagevi-gif,2026-09-16T23:41:15Z,CLOSED_VERIFIED,
2394,CLOSED,false,2026-09-16T23:41:18Z,2026-09-16T23:41:18Z,niluferbagevi-gif,2026-09-16T23:41:17Z,https://github.com/niluferbagevi-gif/Sidar/pull/2394#issuecomment-5706180647,niluferbagevi-gif,2026-09-16T23:41:18Z,CLOSED_VERIFIED,
2411,CLOSED,false,2026-09-16T23:40:24Z,2026-09-16T23:40:32Z,niluferbagevi-gif,2026-09-16T23:40:23Z,https://github.com/niluferbagevi-gif/Sidar/pull/2411#issuecomment-5706171837,niluferbagevi-gif,2026-09-16T23:40:24Z,CLOSED_VERIFIED,
2412,OPEN,false,,2026-08-23T02:33:13Z,,,,,,SKIPPED_OPEN,
2415,CLOSED,false,2026-09-16T23:40:26Z,2026-09-16T23:40:35Z,niluferbagevi-gif,2026-09-16T23:40:25Z,https://github.com/niluferbagevi-gif/Sidar/pull/2415#issuecomment-5706172402,niluferbagevi-gif,2026-09-16T23:40:26Z,CLOSED_VERIFIED,
2431,CLOSED,false,2026-09-16T23:40:29Z,2026-09-16T23:40:29Z,niluferbagevi-gif,2026-09-16T23:40:28Z,https://github.com/niluferbagevi-gif/Sidar/pull/2431#issuecomment-5706173014,niluferbagevi-gif,2026-09-16T23:40:29Z,CLOSED_VERIFIED,
2437,CLOSED,false,2026-09-16T23:40:47Z,2026-09-16T23:40:47Z,niluferbagevi-gif,2026-09-16T23:40:34Z,https://github.com/niluferbagevi-gif/Sidar/pull/2437#issuecomment-5706174166,niluferbagevi-gif,2026-09-16T23:40:47Z,CLOSED_VERIFIED,
2447,CLOSED,false,2026-09-16T23:40:49Z,2026-09-16T23:40:49Z,niluferbagevi-gif,2026-09-16T23:40:49Z,https://github.com/niluferbagevi-gif/Sidar/pull/2447#issuecomment-5706176524,niluferbagevi-gif,2026-09-16T23:40:49Z,CLOSED_VERIFIED,
2450,CLOSED,false,2026-09-16T23:40:51Z,2026-09-16T23:40:51Z,niluferbagevi-gif,2026-09-16T23:40:50Z,https://github.com/niluferbagevi-gif/Sidar/pull/2450#issuecomment-5706176863,niluferbagevi-gif,2026-09-16T23:40:51Z,CLOSED_VERIFIED,
2451,CLOSED,false,2026-09-16T23:40:53Z,2026-09-16T23:40:53Z,niluferbagevi-gif,2026-09-16T23:40:52Z,https://github.com/niluferbagevi-gif/Sidar/pull/2451#issuecomment-5706177202,niluferbagevi-gif,2026-09-16T23:40:53Z,CLOSED_VERIFIED,
2457,CLOSED,false,2026-09-16T23:40:55Z,2026-09-16T23:40:55Z,niluferbagevi-gif,2026-09-16T23:40:54Z,https://github.com/niluferbagevi-gif/Sidar/pull/2457#issuecomment-5706177518,niluferbagevi-gif,2026-09-16T23:40:55Z,CLOSED_VERIFIED,
2459,CLOSED,false,2026-09-16T23:41:03Z,2026-09-16T23:41:03Z,niluferbagevi-gif,2026-09-16T23:41:02Z,https://github.com/niluferbagevi-gif/Sidar/pull/2459#issuecomment-5706178627,niluferbagevi-gif,2026-09-16T23:41:03Z,CLOSED_VERIFIED,
2461,OPEN,false,,2026-08-23T02:33:13Z,,,,,,SKIPPED_OPEN,
2466,CLOSED,false,2026-09-16T23:41:07Z,2026-09-16T23:41:07Z,niluferbagevi-gif,2026-09-16T23:41:06Z,https://github.com/niluferbagevi-gif/Sidar/pull/2466#issuecomment-5706179227,niluferbagevi-gif,2026-09-16T23:41:07Z,CLOSED_VERIFIED,
2468,CLOSED,false,2026-09-16T23:41:10Z,2026-09-16T23:41:10Z,niluferbagevi-gif,2026-09-16T23:41:09Z,https://github.com/niluferbagevi-gif/Sidar/pull/2468#issuecomment-5706179734,niluferbagevi-gif,2026-09-16T23:41:10Z,CLOSED_VERIFIED,
2483,CLOSED,false,2026-09-16T23:41:13Z,2026-09-16T23:41:13Z,niluferbagevi-gif,2026-09-16T23:41:13Z,https://github.com/niluferbagevi-gif/Sidar/pull/2483#issuecomment-5706180134,niluferbagevi-gif,2026-09-16T23:41:13Z,CLOSED_VERIFIED,
2484,CLOSED,false,2026-09-16T23:41:16Z,2026-09-16T23:41:16Z,niluferbagevi-gif,2026-09-16T23:41:15Z,https://github.com/niluferbagevi-gif/Sidar/pull/2484#issuecomment-5706180418,niluferbagevi-gif,2026-09-16T23:41:16Z,CLOSED_VERIFIED,
2485,CLOSED,false,2026-09-16T23:41:19Z,2026-09-16T23:41:19Z,niluferbagevi-gif,2026-09-16T23:41:18Z,https://github.com/niluferbagevi-gif/Sidar/pull/2485#issuecomment-5706180772,niluferbagevi-gif,2026-09-16T23:41:19Z,CLOSED_VERIFIED,
2486,CLOSED,false,2026-09-16T23:41:22Z,2026-09-16T23:41:22Z,niluferbagevi-gif,2026-09-16T23:41:21Z,https://github.com/niluferbagevi-gif/Sidar/pull/2486#issuecomment-5706181152,niluferbagevi-gif,2026-09-16T23:41:22Z,CLOSED_VERIFIED,
2489,OPEN,false,,2026-08-23T02:33:13Z,,,,,,SKIPPED_OPEN,
2499,CLOSED,false,2026-09-16T23:41:29Z,2026-09-16T23:41:29Z,niluferbagevi-gif,2026-09-16T23:41:29Z,https://github.com/niluferbagevi-gif/Sidar/pull/2499#issuecomment-5706182120,niluferbagevi-gif,2026-09-16T23:41:29Z,CLOSED_VERIFIED,
2500,CLOSED,false,2026-09-16T23:41:32Z,2026-09-16T23:41:32Z,niluferbagevi-gif,2026-09-16T23:41:32Z,https://github.com/niluferbagevi-gif/Sidar/pull/2500#issuecomment-5706182499,niluferbagevi-gif,2026-09-16T23:41:33Z,CLOSED_VERIFIED,
2506,OPEN,false,,2026-08-23T02:33:13Z,,,,,,SKIPPED_OPEN,
2508,OPEN,false,,2026-08-23T02:33:12Z,,,,,,SKIPPED_OPEN,
2511,CLOSED,false,2026-09-16T23:41:35Z,2026-09-16T23:41:35Z,niluferbagevi-gif,2026-09-16T23:41:35Z,https://github.com/niluferbagevi-gif/Sidar/pull/2511#issuecomment-5706182836,niluferbagevi-gif,2026-09-16T23:41:35Z,CLOSED_VERIFIED,
2523,CLOSED,false,2026-09-16T23:41:38Z,2026-09-16T23:41:38Z,niluferbagevi-gif,2026-09-16T23:41:38Z,https://github.com/niluferbagevi-gif/Sidar/pull/2523#issuecomment-5706183177,niluferbagevi-gif,2026-09-16T23:41:38Z,CLOSED_VERIFIED,
2546,CLOSED,false,2026-09-16T23:41:41Z,2026-09-16T23:41:41Z,niluferbagevi-gif,2026-09-16T23:41:40Z,https://github.com/niluferbagevi-gif/Sidar/pull/2546#issuecomment-5706183540,niluferbagevi-gif,2026-09-16T23:41:41Z,CLOSED_VERIFIED,
2548,OPEN,false,,2026-08-23T02:33:12Z,,,,,,SKIPPED_OPEN,
2553,CLOSED,false,2026-09-16T23:41:44Z,2026-09-16T23:41:44Z,niluferbagevi-gif,2026-09-16T23:41:43Z,https://github.com/niluferbagevi-gif/Sidar/pull/2553#issuecomment-5706183875,niluferbagevi-gif,2026-09-16T23:41:44Z,CLOSED_VERIFIED,
2558,CLOSED,false,2026-09-16T23:41:47Z,2026-09-16T23:41:47Z,niluferbagevi-gif,2026-09-16T23:41:46Z,https://github.com/niluferbagevi-gif/Sidar/pull/2558#issuecomment-5706184302,niluferbagevi-gif,2026-09-16T23:41:47Z,CLOSED_VERIFIED,
2568,CLOSED,false,2026-09-16T23:41:55Z,2026-09-16T23:41:55Z,niluferbagevi-gif,2026-09-16T23:41:54Z,https://github.com/niluferbagevi-gif/Sidar/pull/2568#issuecomment-5706185231,niluferbagevi-gif,2026-09-16T23:41:55Z,CLOSED_VERIFIED,
2570,CLOSED,false,2026-09-16T23:42:00Z,2026-09-16T23:42:00Z,niluferbagevi-gif,2026-09-16T23:41:59Z,https://github.com/niluferbagevi-gif/Sidar/pull/2570#issuecomment-5706185941,niluferbagevi-gif,2026-09-16T23:42:00Z,CLOSED_VERIFIED,
2572,CLOSED,false,2026-09-16T23:42:03Z,2026-09-16T23:42:03Z,niluferbagevi-gif,2026-09-16T23:42:02Z,https://github.com/niluferbagevi-gif/Sidar/pull/2572#issuecomment-5706186301,niluferbagevi-gif,2026-09-16T23:42:03Z,CLOSED_VERIFIED,
2574,CLOSED,false,2026-09-16T23:42:05Z,2026-09-16T23:42:05Z,niluferbagevi-gif,2026-09-16T23:42:05Z,https://github.com/niluferbagevi-gif/Sidar/pull/2574#issuecomment-5706186652,niluferbagevi-gif,2026-09-16T23:42:05Z,CLOSED_VERIFIED,
2575,CLOSED,false,2026-09-16T23:42:08Z,2026-09-16T23:42:08Z,niluferbagevi-gif,2026-09-16T23:42:08Z,https://github.com/niluferbagevi-gif/Sidar/pull/2575#issuecomment-5706187032,niluferbagevi-gif,2026-09-16T23:42:08Z,CLOSED_VERIFIED,
2579,CLOSED,false,2026-09-16T23:42:12Z,2026-09-16T23:42:12Z,niluferbagevi-gif,2026-09-16T23:42:11Z,https://github.com/niluferbagevi-gif/Sidar/pull/2579#issuecomment-5706187451,niluferbagevi-gif,2026-09-16T23:42:12Z,CLOSED_VERIFIED,
2591,CLOSED,false,2026-09-16T23:42:15Z,2026-09-16T23:42:15Z,niluferbagevi-gif,2026-09-16T23:42:14Z,https://github.com/niluferbagevi-gif/Sidar/pull/2591#issuecomment-5706187940,niluferbagevi-gif,2026-09-16T23:42:15Z,CLOSED_VERIFIED,
2593,CLOSED,false,2026-09-16T23:42:17Z,2026-09-16T23:42:17Z,niluferbagevi-gif,2026-09-16T23:42:17Z,https://github.com/niluferbagevi-gif/Sidar/pull/2593#issuecomment-5706188284,niluferbagevi-gif,2026-09-16T23:42:18Z,CLOSED_VERIFIED,
2600,CLOSED,false,2026-09-16T23:42:21Z,2026-09-16T23:42:21Z,niluferbagevi-gif,2026-09-16T23:42:20Z,https://github.com/niluferbagevi-gif/Sidar/pull/2600#issuecomment-5706188657,niluferbagevi-gif,2026-09-16T23:42:21Z,CLOSED_VERIFIED,
2602,CLOSED,false,2026-09-16T23:42:24Z,2026-09-16T23:42:24Z,niluferbagevi-gif,2026-09-16T23:42:23Z,https://github.com/niluferbagevi-gif/Sidar/pull/2602#issuecomment-5706189008,niluferbagevi-gif,2026-09-16T23:42:24Z,CLOSED_VERIFIED,
2603,CLOSED,false,2026-09-16T23:42:26Z,2026-09-16T23:42:26Z,niluferbagevi-gif,2026-09-16T23:42:26Z,https://github.com/niluferbagevi-gif/Sidar/pull/2603#issuecomment-5706189382,niluferbagevi-gif,2026-09-16T23:42:26Z,CLOSED_VERIFIED,
2604,CLOSED,false,2026-09-16T23:42:28Z,2026-09-16T23:42:28Z,niluferbagevi-gif,2026-09-16T23:42:28Z,https://github.com/niluferbagevi-gif/Sidar/pull/2604#issuecomment-5706189691,niluferbagevi-gif,2026-09-16T23:42:29Z,CLOSED_VERIFIED,
2625,CLOSED,false,2026-09-16T23:42:38Z,2026-09-16T23:42:38Z,niluferbagevi-gif,2026-09-16T23:42:37Z,https://github.com/niluferbagevi-gif/Sidar/pull/2625#issuecomment-5706190896,niluferbagevi-gif,2026-09-16T23:42:38Z,CLOSED_VERIFIED,
2626,CLOSED,false,2026-09-16T23:42:41Z,2026-09-16T23:42:41Z,niluferbagevi-gif,2026-09-16T23:42:40Z,https://github.com/niluferbagevi-gif/Sidar/pull/2626#issuecomment-5706191262,niluferbagevi-gif,2026-09-16T23:42:41Z,CLOSED_VERIFIED,
2627,CLOSED,false,2026-09-16T23:42:43Z,2026-09-16T23:42:43Z,niluferbagevi-gif,2026-09-16T23:42:43Z,https://github.com/niluferbagevi-gif/Sidar/pull/2627#issuecomment-5706191580,niluferbagevi-gif,2026-09-16T23:42:43Z,CLOSED_VERIFIED,
2650,CLOSED,false,2026-09-16T23:42:59Z,2026-09-16T23:42:59Z,niluferbagevi-gif,2026-09-16T23:42:58Z,https://github.com/niluferbagevi-gif/Sidar/pull/2650#issuecomment-5706193487,niluferbagevi-gif,2026-09-16T23:42:59Z,CLOSED_VERIFIED,
2658,OPEN,false,,2026-08-23T02:33:12Z,,,,,,SKIPPED_OPEN,
2665,CLOSED,false,2026-09-16T23:43:13Z,2026-09-16T23:43:13Z,niluferbagevi-gif,2026-09-16T23:43:12Z,https://github.com/niluferbagevi-gif/Sidar/pull/2665#issuecomment-5706195287,niluferbagevi-gif,2026-09-16T23:43:13Z,CLOSED_VERIFIED,
2678,CLOSED,false,2026-09-16T23:43:16Z,2026-09-16T23:43:16Z,niluferbagevi-gif,2026-09-16T23:43:15Z,https://github.com/niluferbagevi-gif/Sidar/pull/2678#issuecomment-5706195682,niluferbagevi-gif,2026-09-16T23:43:16Z,CLOSED_VERIFIED,
2680,CLOSED,false,2026-09-16T23:43:19Z,2026-09-16T23:43:19Z,niluferbagevi-gif,2026-09-16T23:43:18Z,https://github.com/niluferbagevi-gif/Sidar/pull/2680#issuecomment-5706196012,niluferbagevi-gif,2026-09-16T23:43:19Z,CLOSED_VERIFIED,
2686,CLOSED,false,2026-09-16T23:43:21Z,2026-09-16T23:43:21Z,niluferbagevi-gif,2026-09-16T23:43:21Z,https://github.com/niluferbagevi-gif/Sidar/pull/2686#issuecomment-5706196360,niluferbagevi-gif,2026-09-16T23:43:21Z,CLOSED_VERIFIED,
2693,CLOSED,false,2026-09-16T23:43:27Z,2026-09-16T23:43:27Z,niluferbagevi-gif,2026-09-16T23:43:26Z,https://github.com/niluferbagevi-gif/Sidar/pull/2693#issuecomment-5706197003,niluferbagevi-gif,2026-09-16T23:43:27Z,CLOSED_VERIFIED,
2753,CLOSED,false,2026-09-16T23:43:34Z,2026-09-16T23:43:34Z,niluferbagevi-gif,2026-09-16T23:43:33Z,https://github.com/niluferbagevi-gif/Sidar/pull/2753#issuecomment-5706197834,niluferbagevi-gif,2026-09-16T23:43:34Z,CLOSED_VERIFIED,
2754,CLOSED,false,2026-09-16T23:43:36Z,2026-09-16T23:43:36Z,niluferbagevi-gif,2026-09-16T23:43:36Z,https://github.com/niluferbagevi-gif/Sidar/pull/2754#issuecomment-5706198177,niluferbagevi-gif,2026-09-16T23:43:36Z,CLOSED_VERIFIED,
2757,CLOSED,false,2026-09-16T23:43:39Z,2026-09-16T23:43:39Z,niluferbagevi-gif,2026-09-16T23:43:39Z,https://github.com/niluferbagevi-gif/Sidar/pull/2757#issuecomment-5706198569,niluferbagevi-gif,2026-09-16T23:43:39Z,CLOSED_VERIFIED,
2763,OPEN,false,,2026-08-23T04:55:21Z,,,,,,SKIPPED_OPEN,
